i,j,k
0,4,269
0,5,54
0,13,5
0,14,319
0,15,26
0,16,2
0,17,16
0,23,221
0,30,45
0,37,1
0,38,24
0,44,1
0,46,30
0,47,2
0,48,21
0,51,22
0,52,137
0,53,8
0,55,1
0,61,283
0,62,8
0,63,352
0,65,22
0,66,1
0,68,3
0,69,124
0,72,1
0,75,38
0,76,170
0,77,110
0,78,9
0,81,2
0,84,2
0,89,10
0,93,18
0,94,16
0,95,1
0,103,1
0,104,27
0,112,1
0,135,1
0,140,1
0,141,1
0,154,2
0,158,7
0,163,3
1,10,1
1,18,617
1,19,11
1,20,16
1,33,3
1,35,1
1,36,118
1,37,1
1,40,1
1,41,416
1,43,34
1,47,9
1,50,1113
1,55,1
1,56,1013
1,57,56
1,58,512
1,59,60
1,60,216
1,64,5
1,65,2
1,71,3
1,72,7
1,75,4
1,77,3
1,78,3
1,79,2
1,144,1
1,146,1
1,153,1
2,6,2
2,7,51
2,8,1
2,11,2
2,15,1105
2,16,5
2,25,2
2,26,41
2,27,206
2,28,353
2,29,137
2,40,1
2,44,1216
2,45,341
2,48,5
2,51,3
2,53,1
2,55,4
2,65,21
2,66,254
2,67,4
2,68,36
2,72,1
2,74,8
2,75,65
2,76,38
2,77,27
2,78,27
2,79,17
2,82,4
2,83,8
2,84,3
2,85,2
2,86,2
2,91,6
2,96,7
2,97,3
2,98,1
2,100,1
2,103,1
2,104,5
2,115,7
2,116,2
2,117,3
2,118,3
2,129,3
2,133,14
2,134,32
2,147,1
2,153,1
2,154,17
2,155,7
2,156,1
2,159,5
2,163,10
3,11,12
3,13,1
3,14,1
3,15,13
3,16,1
3,17,5
3,24,2
3,25,59
3,27,148
3,28,258
3,32,76
3,33,67
3,35,10
3,40,6
3,44,1000
3,45,1
3,47,1
3,48,63
3,51,1
3,55,9
3,58,1
3,65,1
3,66,40
3,67,442
3,68,6
3,70,1
3,71,1
3,72,10
3,73,11
3,74,2
3,75,17
3,76,8
3,77,15
3,78,5
3,79,2
3,104,1
3,117,1
3,134,1
3,163,2
4,5,121
4,6,5
4,7,6
4,12,1
4,13,7
4,14,476
4,15,469
4,16,2
4,17,15
4,23,48
4,30,13
4,38,14
4,40,1
4,44,1
4,45,1
4,46,14
4,47,3
4,48,29
4,51,11
4,52,163
4,53,14
4,61,46
4,63,23
4,65,20
4,69,158
4,70,3
4,72,1
4,74,5
4,75,21
4,76,65
4,77,71
4,78,4
4,81,1
4,83,6
4,84,2
4,85,1
4,89,22
4,93,64
4,94,88
4,103,16
4,104,71
4,112,4
4,119,3
4,127,1
4,140,2
4,141,11
4,142,3
4,150,1
4,154,33
4,158,8
4,163,1
5,6,1112
5,7,265
5,8,2
5,13,3
5,14,224
5,15,1057
5,16,1
5,17,4
5,23,7
5,28,1
5,29,6
5,30,24
5,31,139
5,45,33
5,48,17
5,51,15
5,52,91
5,53,90
5,61,1
5,62,9
5,63,26
5,65,313
5,66,1
5,69,589
5,70,21
5,74,1
5,75,11
5,76,137
5,77,38
5,78,3
5,81,95
5,82,11
5,83,25
5,84,11
5,89,6
5,92,1
5,93,56
5,94,264
5,95,10
5,96,10
5,97,2
5,102,3
5,103,30
5,104,154
5,112,4
5,119,1
5,135,1
5,136,1
5,137,1
5,140,9
5,141,25
5,142,7
5,150,7
5,151,1
5,154,73
5,158,4
5,163,2
6,7,1185
6,8,1
6,9,1
6,11,16
6,13,2
6,14,79
6,15,1068
6,16,1
6,17,5
6,23,1
6,25,1
6,26,7
6,28,3
6,29,11
6,31,1
6,39,1
6,44,5
6,45,121
6,48,34
6,51,33
6,52,32
6,53,600
6,55,1
6,57,1
6,62,3
6,63,1
6,64,1
6,65,98
6,66,3
6,67,30
6,68,6
6,69,4
6,70,45
6,72,3
6,74,5
6,75,55
6,76,94
6,77,64
6,78,14
6,79,2
6,81,20
6,82,18
6,83,23
6,84,12
6,85,8
6,91,1
6,92,1
6,93,5
6,94,46
6,95,195
6,96,27
6,97,5
6,100,12
6,102,4
6,103,31
6,104,284
6,117,2
6,128,2
6,134,14
6,137,7
6,140,22
6,141,13
6,142,15
6,144,1
6,153,2
6,154,8
6,155,2
6,156,17
6,157,2
6,158,1
6,159,3
6,163,1
7,8,262
7,9,3
7,11,6
7,14,21
7,15,1095
7,16,3
7,17,3
7,24,1
7,26,22
7,28,29
7,29,56
7,31,2
7,35,1
7,40,1
7,44,145
7,45,1854
7,48,11
7,51,4
7,52,7
7,53,108
7,55,18
7,62,1
7,63,1
7,64,3
7,65,409
7,66,21
7,67,18
7,68,26
7,69,5
7,70,232
7,72,1
7,74,4
7,75,80
7,76,113
7,77,40
7,78,23
7,79,9
7,80,2
7,81,27
7,82,24
7,83,15
7,84,13
7,85,23
7,86,3
7,91,44
7,92,1
7,93,2
7,94,6
7,95,30
7,96,202
7,97,34
7,100,3
7,103,10
7,104,234
7,115,10
7,116,1
7,117,37
7,118,6
7,133,35
7,134,126
7,137,1
7,140,2
7,141,1
7,142,4
7,153,2
7,154,25
7,155,7
7,156,27
7,157,5
7,158,1
7,159,8
7,161,1
7,163,9
8,9,272
8,15,4
8,26,5
8,27,1
8,29,91
8,33,1
8,40,1
8,45,293
8,53,1
8,64,41
8,65,363
8,66,2
8,70,893
8,72,3
8,75,1
8,76,2
8,77,1
8,78,1
8,82,2
8,104,1
8,105,1
8,115,2
8,118,1
8,129,1
8,134,4
8,136,1
8,144,2
8,154,1
8,155,1
8,159,8
9,21,40
9,22,81
9,29,35
9,34,1
9,43,232
9,45,7
9,64,66
9,65,245
9,70,74
9,74,1
9,75,1
9,78,1
9,79,165
9,82,1
9,85,1
9,115,1
9,118,2
9,124,1
9,129,1
9,144,1
9,153,1
10,17,1
10,18,4
10,19,1297
10,21,40
10,29,174
10,34,1
10,35,2
10,41,2
10,43,1972
10,47,3
10,50,2
10,55,1
10,56,10
10,57,300
10,58,5
10,60,2
10,64,2007
10,65,40
10,72,5
10,73,1
10,75,4
10,77,4
10,78,4
10,82,1
10,84,1
10,99,1
10,113,2
10,118,1
10,144,3
10,146,2
10,153,9
10,154,1
10,161,2
11,13,45
11,14,154
11,15,71
11,17,2
11,24,4
11,25,13
11,26,3
11,28,44
11,29,2
11,32,55
11,33,82
11,34,90
11,35,7
11,36,1
11,37,1
11,39,401
11,40,5
11,44,40
11,45,14
11,47,7
11,48,16
11,49,1
11,51,1153
11,52,32
11,53,59
11,54,5
11,55,14
11,56,1
11,57,1
11,59,4
11,65,4
11,66,19
11,67,1617
11,68,16
11,70,1
11,71,13
11,72,55
11,74,1
11,75,16
11,76,63
11,77,18
11,78,3
11,100,1
11,104,2
11,140,1
12,23,7
12,28,1
12,38,6
12,46,14
12,51,1
12,61,4
12,63,1
12,76,1
13,14,244
13,15,36
13,17,7
13,23,63
13,25,2
13,26,2
13,28,5
13,29,1
13,35,4
13,37,1
13,38,387
13,39,9
13,40,1
13,44,7
13,46,1
13,47,2
13,48,28
13,51,1737
13,52,42
13,53,30
13,55,3
13,58,1
13,59,2
13,61,215
13,66,3
13,67,12
13,68,1
13,71,5
13,72,11
13,73,2
13,75,16
13,76,51
13,77,31
13,78,4
13,79,1
13,89,1
13,93,2
13,94,2
13,104,6
13,154,1
13,163,2
14,15,1328
14,16,8
14,17,27
14,18,2
14,23,144
14,24,60
14,25,31
14,26,50
14,27,22
14,28,397
14,29,7
14,30,1
14,35,7
14,36,7
14,38,15
14,40,4
14,44,322
14,45,18
14,46,3
14,47,2
14,48,199
14,49,2
14,51,2286
14,52,1611
14,53,2730
14,54,5
14,55,170
14,57,3
14,58,5
14,59,7
14,61,78
14,63,2
14,65,36
14,66,95
14,67,521
14,68,737
14,69,15
14,70,2
14,71,31
14,72,148
14,73,2
14,74,12
14,75,232
14,76,467
14,77,340
14,78,75
14,79,5
14,80,4
14,82,5
14,83,18
14,84,9
14,89,9
14,93,24
14,94,99
14,95,12
14,96,2
14,102,2
14,103,18
14,104,97
14,112,1
14,123,1
14,134,1
14,135,1
14,137,2
14,140,2
14,141,11
14,142,1
14,150,1
14,154,8
14,155,1
14,158,2
14,163,13
15,16,17
15,17,53
15,23,8
15,24,7
15,25,5
15,26,95
15,27,12
15,28,1292
15,29,53
15,30,57
15,32,2
15,34,1
15,35,6
15,38,9
15,39,3
15,40,2
15,44,674
15,45,404
15,46,4
15,47,7
15,48,225
15,51,210
15,52,177
15,53,3721
15,54,1
15,55,73
15,56,1
15,61,14
15,62,2
15,63,8
15,65,300
15,66,119
15,67,185
15,68,449
15,69,234
15,70,46
15,71,7
15,72,20
15,73,1
15,74,93
15,75,839
15,76,722
15,77,571
15,78,238
15,79,75
15,80,17
15,81,1
15,82,50
15,83,63
15,84,47
15,85,23
15,86,4
15,89,32
15,91,10
15,93,86
15,94,255
15,95,114
15,96,190
15,97,1
15,100,12
15,102,3
15,103,45
15,104,533
15,110,1
15,112,4
15,115,2
15,116,1
15,117,14
15,118,2
15,119,2
15,127,1
15,133,12
15,134,33
15,136,2
15,137,2
15,140,14
15,141,36
15,142,22
15,146,1
15,150,7
15,153,1
15,154,40
15,155,2
15,156,30
15,157,7
15,158,2
15,159,2
15,161,1
15,163,79
16,17,667
16,18,2
16,19,1
16,22,46
16,23,7
16,24,6
16,25,22
16,26,32
16,27,14
16,28,22
16,29,5
16,32,14
16,33,61
16,34,1368
16,35,22
16,36,1
16,37,17
16,38,3
16,40,147
16,41,1
16,42,203
16,43,3
16,44,98
16,45,2
16,46,26
16,47,339
16,48,472
16,49,2
16,50,2
16,51,3
16,53,3
16,54,1
16,55,53
16,56,4
16,57,6
16,59,2
16,61,3
16,63,1
16,65,3
16,66,126
16,67,5
16,68,6
16,71,25
16,72,68
16,73,25
16,74,1
16,75,17
16,76,27
16,77,502
16,78,3
16,80,32
16,82,1
16,144,1
16,159,1
17,18,1
17,19,1
17,23,7
17,24,1
17,25,3
17,26,8
17,27,3
17,28,23
17,29,1
17,32,2
17,33,32
17,34,116
17,35,4
17,37,6
17,38,26
17,40,10
17,42,6
17,43,4
17,44,50
17,45,10
17,46,659
17,47,148
17,48,1119
17,49,1
17,50,3
17,51,26
17,52,12
17,53,17
17,55,12
17,56,1
17,57,2
17,58,1
17,61,17
17,63,45
17,64,4
17,65,1
17,66,29
17,67,8
17,68,14
17,70,2
17,71,6
17,72,48
17,73,4
17,74,1
17,75,13
17,76,42
17,77,181
17,78,3
17,79,2
17,85,2
17,94,5
17,95,1
17,96,8
17,103,1
17,104,5
17,134,1
17,142,1
18,19,401
18,24,91
18,25,2
18,26,11
18,29,2
18,32,3
18,33,1
18,34,6
18,35,5
18,36,2
18,37,27
18,40,3
18,41,261
18,43,25
18,47,36
18,48,1
18,50,17
18,51,1
18,53,1
18,55,39
18,56,1934
18,57,1473
18,58,777
18,59,20
18,60,25
18,64,47
18,65,6
18,71,101
18,72,350
18,73,2
18,74,2
18,75,18
18,76,1
18,77,14
18,78,5
18,79,5
18,82,1
18,84,1
18,108,1
18,115,1
18,144,1
18,146,1
18,153,1
18,163,1
19,21,1
19,26,32
19,33,1
19,34,1
19,35,1
19,37,1
19,41,943
19,43,657
19,44,1
19,46,1
19,47,9
19,48,1
19,50,3
19,54,1
19,55,6
19,56,274
19,57,1657
19,58,16
19,59,1
19,60,5
19,64,355
19,65,31
19,71,4
19,72,6
19,73,2
19,74,1
19,75,13
19,77,5
19,78,5
19,79,2
19,82,1
19,108,3
19,144,5
19,146,3
19,153,10
19,161,1
19,163,1
20,21,26
20,36,131
20,50,7
20,56,1
20,57,1
20,58,1
20,59,147
20,60,40
20,74,1172
20,163,5
21,22,59
21,25,1
21,41,75
21,43,2892
21,47,15
21,49,1
21,50,697
21,58,1
21,59,1
21,60,1425
21,71,2
21,72,3
21,74,738
21,75,3
21,77,3
21,78,1
21,79,7
21,163,5
22,26,1
22,28,2
22,34,66
22,42,279
22,43,32
22,44,3
22,47,2
22,49,16
22,60,38
22,74,1240
22,75,4
22,76,2
22,77,1
22,78,2
22,79,123
22,80,202
22,82,1
22,83,4
22,84,2
22,85,9
22,86,8
22,103,1
22,104,1
22,111,2
22,116,1
22,133,2
22,142,1
22,163,103
23,26,1
23,30,86
23,31,26
23,34,3
23,38,53
23,44,1
23,46,447
23,47,6
23,48,12
23,51,99
23,52,54
23,53,9
23,59,1
23,61,711
23,62,140
23,63,440
23,65,2
23,66,1
23,69,13
23,70,1
23,74,2
23,75,10
23,76,160
23,77,160
23,78,2
23,80,1
23,81,7
23,85,1
23,93,1
23,94,1
23,104,1
23,141,1
23,150,1
23,154,2
23,163,1
24,25,451
24,26,407
24,28,13
24,29,13
24,32,4
24,33,2
24,34,2
24,35,90
24,36,3
24,37,2
24,40,6
24,42,1
24,44,20
24,45,1
24,47,14
24,48,3
24,49,1
24,51,16
24,52,3
24,53,17
24,54,146
24,55,1603
24,56,4
24,57,25
24,58,17
24,59,3
24,64,5
24,65,11
24,66,31
24,67,10
24,68,14
24,70,2
24,71,24
24,72,1643
24,73,13
24,74,1
24,75,55
24,76,5
24,77,39
24,78,32
24,79,13
24,82,4
24,83,1
24,85,2
24,86,1
24,113,1
24,115,3
24,118,10
24,129,2
24,134,1
24,136,1
24,144,7
24,153,1
24,155,1
24,156,1
24,159,10
24,163,1
25,26,40
25,27,1
25,28,18
25,29,16
25,32,68
25,33,92
25,34,2
25,35,290
25,37,1
25,40,583
25,44,100
25,45,1
25,47,26
25,48,22
25,51,54
25,52,1
25,53,4
25,54,269
25,55,651
25,56,1
25,57,3
25,58,1
25,65,1
25,66,2207
25,67,50
25,68,15
25,70,5
25,71,5
25,72,89
25,73,291
25,74,3
25,75,101
25,76,23
25,77,52
25,78,32
25,79,8
25,82,9
25,83,1
25,84,3
25,85,2
25,96,1
25,105,1
25,114,2
25,115,19
25,118,5
25,124,2
25,129,7
25,133,5
25,134,5
25,136,1
25,144,4
25,153,1
25,154,2
25,155,3
25,159,12
25,163,5
26,27,58
26,28,37
26,29,413
26,32,19
26,34,4
26,35,42
26,37,1
26,40,28
26,43,1
26,44,166
26,45,391
26,47,57
26,48,19
26,51,8
26,53,41
26,54,2
26,55,3395
26,57,83
26,58,1
26,59,3
26,64,390
26,65,21
26,66,1237
26,67,9
26,68,60
26,70,8
26,71,10
26,72,96
26,73,30
26,74,28
26,75,236
26,76,80
26,77,121
26,78,100
26,79,30
26,82,68
26,83,6
26,84,24
26,85,28
26,86,7
26,91,5
26,95,3
26,96,2
26,100,1
26,104,8
26,105,1
26,106,1
26,107,1
26,108,1
26,113,3
26,114,8
26,115,102
26,116,2
26,117,2
26,118,55
26,121,5
26,124,4
26,129,14
26,132,1
26,133,21
26,134,34
26,136,12
26,137,1
26,143,1
26,144,46
26,146,2
26,147,2
26,148,1
26,152,1
26,153,16
26,154,11
26,155,41
26,157,1
26,159,117
26,160,1
26,161,22
26,162,2
26,163,13
27,28,106
27,29,3
27,39,1
27,40,3
27,44,2157
27,45,18
27,48,12
27,51,5
27,53,9
27,54,1
27,55,9
27,65,3
27,66,1563
27,67,10
27,68,14
27,72,4
27,74,21
27,75,106
27,76,40
27,77,44
27,78,35
27,79,23
27,81,1
27,82,4
27,84,1
27,85,1
27,96,2
27,103,1
27,104,2
27,115,3
27,118,1
27,121,1
27,129,2
27,133,2
27,134,6
27,154,5
27,155,4
27,156,1
27,159,2
27,163,10
28,29,3
28,31,1
28,35,5
28,36,1
28,37,2
28,40,3
28,44,4652
28,45,17
28,47,2
28,48,60
28,51,119
28,52,5
28,53,327
28,54,3
28,55,80
28,57,1
28,59,3
28,61,1
28,65,35
28,66,288
28,67,1937
28,68,2380
28,71,15
28,72,57
28,74,56
28,75,390
28,76,349
28,77,301
28,78,181
28,79,73
28,80,3
28,81,1
28,82,7
28,83,3
28,84,3
28,85,2
28,86,1
28,91,5
28,95,12
28,96,28
28,97,2
28,104,31
28,115,2
28,117,2
28,133,5
28,134,15
28,153,1
28,154,6
28,159,1
28,163,54
29,32,15
29,33,1
29,34,4
29,35,17
29,39,1
29,40,6
29,44,16
29,45,884
29,46,1
29,47,17
29,48,4
29,51,2
29,52,2
29,53,18
29,54,1
29,55,567
29,57,6
29,58,1
29,64,318
29,65,101
29,66,112
29,67,7
29,68,8
29,70,2078
29,71,1
29,72,19
29,73,18
29,74,10
29,75,96
29,76,30
29,77,37
29,78,36
29,79,6
29,81,2
29,82,76
29,83,2
29,84,24
29,85,36
29,86,1
29,91,4
29,95,2
29,96,2
29,97,3
29,99,1
29,100,2
29,103,3
29,105,1
29,106,1
29,107,1
29,114,6
29,115,71
29,117,2
29,118,55
29,121,1
29,122,5
29,123,3
29,124,16
29,129,13
29,133,13
29,134,29
29,136,12
29,143,3
29,144,78
29,146,3
29,153,30
29,154,8
29,155,30
29,159,138
29,160,1
29,161,16
29,162,4
29,163,6
30,31,133
30,52,1
30,62,69
30,63,9
30,65,2
30,69,654
30,75,3
30,76,2
30,77,1
30,78,8
30,81,2
30,89,1
30,94,1
30,104,2
30,120,5
31,45,1
31,62,1
31,65,59
31,69,51
31,75,144
31,76,50
31,77,72
31,78,161
31,81,177
31,82,2
31,83,1
31,85,2
31,120,92
32,33,242
32,34,40
32,35,30
32,38,2
32,40,345
32,42,1
32,43,1
32,44,1
32,47,126
32,48,21
32,51,1
32,54,1
32,55,33
32,57,6
32,58,1
32,59,1
32,64,1
32,65,1
32,66,2
32,70,3
32,71,1
32,72,27
32,73,873
32,74,2
32,75,7
32,77,43
32,78,8
32,79,2
32,82,1
32,114,1
32,115,1
32,121,1
32,129,1
32,144,2
32,159,2
33,34,983
33,35,303
33,37,231
33,40,20
33,42,311
33,43,1
33,44,1
33,46,4
33,47,346
33,48,12
33,49,8
33,51,1
33,55,4
33,57,3
33,58,3
33,59,1
33,63,1
33,64,1
33,67,1
33,71,22
33,72,535
33,73,272
33,75,2
33,76,1
33,77,43
33,78,2
33,79,1
33,82,1
33,118,1
33,144,1
34,35,2
34,37,8
34,38,2
34,40,17
34,42,1074
34,43,5
34,46,11
34,47,952
34,48,16
34,49,22
34,51,4
34,53,1
34,55,5
34,56,4
34,57,9
34,58,2
34,60,10
34,61,2
34,63,2
34,64,2
34,65,1
34,66,1
34,70,1
34,71,29
34,72,139
34,73,70
34,75,5
34,76,1
34,77,115
34,78,4
34,79,27
34,80,407
34,115,1
34,118,1
34,163,1
35,37,34
35,40,668
35,42,2
35,43,1
35,44,20
35,45,2
35,46,2
35,47,62
35,48,51
35,49,2
35,51,19
35,54,88
35,55,65
35,56,4
35,57,33
35,58,5
35,59,4
35,60,2
35,64,3
35,65,11
35,66,16
35,67,20
35,68,6
35,70,6
35,71,27
35,72,827
35,73,722
35,74,4
35,75,35
35,76,3
35,77,48
35,78,14
35,79,2
35,82,3
35,84,6
35,85,4
35,90,1
35,94,1
35,115,13
35,118,6
35,121,1
35,123,1
35,126,1
35,129,1
35,144,2
35,153,3
35,154,1
35,155,3
35,159,17
35,163,1
36,37,1
36,40,1
36,42,86
36,43,1
36,47,5
36,48,2
36,49,484
36,50,13
36,51,2
36,54,1
36,55,2
36,56,4
36,57,5
36,58,11
36,59,116
36,60,17
36,67,2
36,68,1
36,71,1095
36,72,35
36,74,153
36,75,2
36,77,2
36,78,1
36,79,1
36,85,1
37,40,7
37,42,163
37,43,1
37,44,6
37,47,63
37,48,1
37,49,5
37,51,2
37,55,2
37,56,5
37,57,14
37,58,177
37,64,1
37,67,5
37,68,3
37,70,1
37,71,896
37,72,2978
37,73,1
37,75,1
37,77,11
37,78,3
37,79,3
37,85,1
37,118,1
37,159,1
38,44,2
38,46,128
38,47,5
38,48,358
38,51,172
38,52,6
38,53,1
38,61,447
38,63,62
38,67,1
38,75,12
38,76,69
38,77,97
38,78,8
38,89,1
38,93,1
38,94,6
38,103,2
38,104,4
38,141,1
39,48,19
39,51,289
39,52,4
39,53,2
39,61,1
39,67,21
39,72,1
39,76,5
40,44,15
40,45,6
40,46,1
40,47,186
40,48,266
40,50,1
40,51,7
40,54,1
40,55,36
40,57,1
40,58,1
40,61,2
40,64,2
40,65,3
40,66,94
40,67,5
40,70,5
40,71,10
40,72,155
40,73,343
40,74,1
40,75,47
40,76,6
40,77,77
40,78,49
40,79,2
40,82,3
40,84,2
40,85,1
40,115,6
40,118,5
40,124,1
40,129,2
40,134,1
40,144,2
40,146,1
40,153,1
40,154,1
40,155,5
40,159,6
40,162,2
40,163,1
41,43,1039
41,47,22
41,48,1
41,50,560
41,56,596
41,57,51
41,58,1
41,60,10
41,64,7
41,65,2
41,71,5
41,72,10
41,75,2
41,77,8
41,78,1
41,79,10
41,84,1
41,146,1
42,43,1
42,46,1
42,47,79
42,49,215
42,51,1
42,55,1
42,56,3
42,58,1
42,59,3
42,67,1
42,71,159
42,72,69
42,73,1
42,75,1
42,77,19
42,79,13
42,80,90
43,47,91
43,48,2
43,49,5
43,50,243
43,55,4
43,56,246
43,57,236
43,58,6
43,59,1
43,60,1059
43,63,1
43,64,1002
43,65,122
43,71,24
43,72,27
43,73,1
43,75,16
43,76,1
43,77,14
43,78,3
43,79,634
43,82,3
43,84,1
43,85,1
43,86,1
43,99,2
43,132,1
43,144,8
43,145,1
43,146,5
43,153,10
43,161,3
44,45,119
44,46,3
44,47,8
44,48,269
44,51,128
44,52,3
44,53,162
44,54,5
44,55,225
44,56,1
44,57,2
44,58,1
44,59,4
44,61,3
44,65,85
44,66,1628
44,67,569
44,68,1102
44,70,1
44,71,21
44,72,176
44,73,2
44,74,160
44,75,1066
44,76,577
44,77,558
44,78,410
44,79,260
44,80,5
44,81,2
44,82,16
44,83,5
44,84,11
44,85,12
44,86,4
44,87,1
44,91,17
44,94,1
44,95,3
44,96,30
44,97,8
44,103,1
44,104,30
44,114,2
44,115,17
44,116,1
44,117,6
44,118,9
44,129,2
44,133,34
44,134,81
44,153,1
44,154,74
44,155,8
44,156,1
44,157,2
44,159,10
44,163,106
45,48,14
45,51,8
45,52,4
45,53,76
45,55,56
45,61,1
45,64,2
45,65,135
45,66,186
45,67,16
45,68,13
45,70,439
45,72,1
45,74,10
45,75,91
45,76,70
45,77,51
45,78,18
45,79,11
45,80,1
45,82,41
45,83,19
45,84,22
45,85,17
45,86,3
45,91,20
45,92,1
45,93,1
45,94,1
45,95,9
45,96,13
45,97,31
45,103,3
45,104,20
45,105,2
45,114,9
45,115,45
45,116,1
45,117,6
45,118,30
45,121,1
45,124,8
45,129,18
45,133,60
45,134,107
45,136,1
45,137,2
45,140,1
45,143,1
45,144,5
45,152,1
45,153,3
45,154,45
45,155,53
45,156,3
45,157,1
45,159,90
45,161,1
45,163,9
46,47,42
46,48,161
46,49,2
46,51,4
46,52,4
46,53,3
46,55,2
46,56,3
46,57,3
46,61,72
46,62,4
46,63,774
46,65,1
46,66,1
46,69,6
46,72,18
46,73,2
46,75,1
46,76,106
46,77,387
46,78,4
46,81,2
46,94,1
46,95,1
46,158,1
46,159,1
47,48,133
47,49,24
47,50,40
47,51,4
47,52,3
47,54,2
47,55,83
47,56,86
47,57,79
47,58,39
47,59,3
47,60,40
47,61,9
47,63,6
47,64,14
47,65,6
47,66,27
47,67,3
47,70,2
47,71,138
47,72,880
47,73,299
47,75,566
47,76,14
47,77,878
47,78,99
47,79,396
47,80,5
47,82,1
47,84,1
47,85,2
47,89,1
47,93,1
47,103,1
47,115,6
47,118,3
47,144,2
47,146,1
47,153,1
47,159,8
47,161,2
47,162,2
48,49,1
48,50,1
48,51,185
48,52,45
48,53,139
48,54,1
48,55,22
48,56,5
48,57,8
48,58,3
48,59,5
48,60,1
48,61,36
48,63,4
48,64,2
48,65,10
48,66,114
48,67,33
48,68,36
48,69,1
48,70,1
48,71,13
48,72,73
48,73,27
48,74,7
48,75,55
48,76,234
48,77,652
48,78,29
48,79,4
48,82,4
48,84,2
48,85,1
48,93,4
48,94,17
48,95,5
48,96,1
48,103,3
48,104,22
48,141,2
48,142,1
48,154,2
48,159,1
48,163,3
49,50,1
49,51,2
49,52,1
49,55,1
49,56,4
49,57,2
49,58,3
49,59,789
49,60,254
49,67,1
49,68,1
49,71,589
49,72,145
49,73,1
49,75,1
49,77,5
49,79,513
49,80,61
50,51,1
50,56,300
50,57,22
50,58,16
50,59,13
50,60,947
50,61,1
50,64,5
50,65,1
50,71,12
50,72,12
50,75,1
50,77,4
50,78,1
50,79,9
51,52,392
51,53,223
51,54,7
51,55,42
51,57,2
51,58,3
51,59,11
51,61,185
51,65,11
51,66,67
51,67,1075
51,68,63
51,70,1
51,71,40
51,72,163
51,73,2
51,74,1
51,75,98
51,76,347
51,77,164
51,78,26
51,79,2
51,83,1
51,84,2
51,86,1
51,93,1
51,94,5
51,95,3
51,103,1
51,104,9
51,140,1
51,141,1
51,142,1
51,154,1
51,163,3
52,53,784
52,55,6
52,59,1
52,61,27
52,65,9
52,66,2
52,67,6
52,68,3
52,69,1
52,70,1
52,71,4
52,72,5
52,74,2
52,75,26
52,76,56
52,77,54
52,78,5
52,82,2
52,83,3
52,84,1
52,89,1
52,93,4
52,94,36
52,102,1
52,103,2
52,104,28
52,140,2
52,141,4
52,150,1
52,163,4
53,55,57
53,61,6
53,65,50
53,66,52
53,67,81
53,68,680
53,70,24
53,71,6
53,72,17
53,73,1
53,74,7
53,75,199
53,76,204
53,77,240
53,78,53
53,79,5
53,80,4
53,82,6
53,83,10
53,85,1
53,89,1
53,93,1
53,94,31
53,95,22
53,96,7
53,100,7
53,102,2
53,103,6
53,104,66
53,109,1
53,115,1
53,117,1
53,119,1
53,133,1
53,134,3
53,136,1
53,137,2
53,140,5
53,141,4
53,142,3
53,144,1
53,154,6
53,158,2
53,159,1
53,163,7
54,55,32
54,67,5
54,68,1
54,71,3
54,72,283
54,75,5
54,77,1
54,78,1
54,82,2
54,84,2
54,85,3
54,95,1
54,115,4
54,118,1
54,131,1
54,134,1
54,144,1
54,155,1
54,159,5
55,56,19
55,57,461
55,58,14
55,59,7
55,61,1
55,64,628
55,65,31
55,66,1083
55,67,88
55,68,81
55,70,65
55,71,38
55,72,801
55,73,50
55,74,19
55,75,276
55,76,59
55,77,188
55,78,123
55,79,43
55,80,2
55,82,54
55,83,2
55,84,30
55,85,20
55,86,2
55,89,1
55,91,4
55,92,1
55,96,2
55,97,1
55,99,2
55,103,2
55,104,10
55,105,1
55,107,1
55,113,2
55,114,11
55,115,81
55,118,61
55,121,2
55,122,2
55,123,1
55,124,17
55,126,1
55,129,13
55,133,5
55,134,15
55,136,13
55,137,4
55,140,1
55,144,45
55,145,1
55,146,4
55,153,22
55,154,7
55,155,35
55,156,1
55,159,110
55,160,1
55,161,17
55,162,3
55,163,14
56,57,611
56,58,600
56,59,40
56,60,149
56,64,38
56,65,8
56,70,1
56,71,122
56,72,128
56,73,5
56,75,33
56,76,1
56,77,26
56,78,13
56,79,12
56,82,4
56,113,2
56,115,1
56,118,1
56,136,1
56,144,1
56,153,4
56,154,1
57,58,255
57,59,31
57,60,106
57,64,905
57,65,65
57,67,2
57,70,3
57,71,113
57,72,242
57,73,13
57,74,1
57,75,78
57,76,2
57,77,54
57,78,37
57,79,2
57,82,5
57,84,1
57,85,1
57,86,1
57,113,2
57,115,5
57,118,3
57,129,1
57,132,2
57,134,1
57,144,15
57,146,5
57,147,1
57,153,21
57,154,4
57,159,4
57,161,3
57,162,1
58,59,113
58,60,171
58,63,1
58,64,24
58,65,5
58,66,1
58,67,1
58,71,811
58,72,713
58,73,2
58,74,1
58,75,11
58,76,1
58,77,20
58,78,3
58,79,2
58,82,1
58,115,1
58,144,3
58,146,1
58,153,1
58,159,3
58,163,2
59,60,543
59,65,1
59,67,2
59,68,5
59,71,972
59,72,81
59,75,1
59,76,2
59,77,10
59,78,1
59,79,7
59,104,1
59,118,1
59,153,2
60,64,18
60,65,2
60,67,1
60,71,68
60,72,25
60,73,1
60,74,33
60,75,7
60,77,5
60,78,1
60,79,589
60,80,45
60,108,1
60,136,1
60,144,1
60,146,1
60,163,1
61,63,86
61,71,1
61,72,1
61,74,3
61,75,24
61,76,125
61,77,103
61,78,5
61,83,1
61,85,1
61,89,1
61,93,1
61,94,7
61,103,1
61,104,3
61,141,1
61,154,1
61,163,2
62,63,274
62,69,51
62,76,119
62,77,59
62,81,1
63,65,18
63,69,115
63,72,4
63,73,1
63,75,26
63,76,272
63,77,537
63,78,6
63,79,1
63,81,21
63,89,3
63,93,4
63,94,4
63,104,4
63,112,1
63,119,1
63,151,1
63,154,2
63,158,2
63,163,1
64,65,1420
64,70,364
64,71,10
64,72,17
64,73,5
64,74,1
64,75,33
64,76,1
64,77,10
64,78,10
64,82,24
64,84,9
64,85,11
64,86,1
64,90,3
64,108,7
64,113,7
64,115,10
64,118,4
64,121,1
64,124,3
64,129,1
64,130,1
64,132,8
64,134,1
64,136,10
64,137,1
64,144,43
64,146,29
64,147,3
64,153,85
64,154,20
64,155,2
64,159,9
64,160,3
64,161,13
64,162,3
64,163,1
65,66,12
65,67,20
65,68,24
65,69,147
65,70,301
65,71,2
65,72,6
65,73,6
65,74,2
65,75,40
65,76,87
65,77,24
65,78,16
65,79,296
65,81,47
65,82,58
65,83,54
65,84,33
65,85,17
65,89,6
65,90,1
65,91,3
65,93,39
65,94,151
65,95,47
65,96,19
65,97,2
65,100,9
65,102,5
65,103,43
65,104,323
65,108,1
65,109,1
65,113,9
65,114,2
65,115,16
65,117,2
65,118,26
65,121,1
65,122,1
65,123,1
65,124,3
65,126,1
65,128,1
65,129,6
65,132,2
65,133,2
65,134,18
65,135,2
65,136,6
65,137,4
65,140,20
65,141,47
65,142,13
65,143,1
65,144,48
65,146,8
65,147,2
65,148,1
65,152,1
65,153,93
65,154,362
65,155,3
65,156,11
65,157,1
65,158,2
65,159,103
65,160,1
65,161,18
65,162,1
65,163,4
66,67,87
66,68,105
66,70,3
66,71,3
66,72,51
66,73,2
66,74,68
66,75,634
66,76,198
66,77,286
66,78,185
66,79,97
66,81,3
66,82,41
66,83,6
66,84,12
66,85,12
66,86,2
66,91,6
66,96,2
66,97,3
66,103,2
66,104,11
66,105,1
66,114,3
66,115,57
66,116,1
66,117,1
66,118,22
66,121,2
66,123,1
66,124,4
66,129,14
66,133,35
66,134,54
66,142,1
66,143,1
66,144,8
66,153,3
66,154,20
66,155,32
66,159,46
66,161,3
66,162,2
66,163,47
67,68,525
67,70,5
67,71,27
67,72,177
67,73,3
67,74,8
67,75,99
67,76,262
67,77,107
67,78,35
67,79,8
67,80,1
67,82,1
67,83,2
67,84,1
67,95,12
67,96,14
67,104,17
67,115,2
67,141,1
67,142,1
67,156,3
67,159,1
67,163,6
68,71,9
68,72,50
68,73,1
68,74,18
68,75,173
68,76,210
68,77,131
68,78,64
68,79,18
68,80,2
68,81,1
68,82,4
68,83,3
68,84,2
68,85,1
68,86,3
68,91,1
68,93,1
68,95,7
68,96,22
68,97,2
68,100,1
68,102,1
68,104,23
68,115,1
68,117,1
68,129,1
68,133,1
68,134,8
68,154,1
68,159,1
68,163,14
69,70,1
69,75,2
69,76,109
69,77,47
69,78,1
69,81,21
69,83,2
69,89,4
69,93,13
69,94,26
69,103,2
69,104,19
69,112,2
69,119,3
69,141,3
69,154,4
69,158,7
70,72,4
70,73,8
70,74,2
70,75,27
70,76,7
70,77,10
70,78,9
70,82,41
70,83,3
70,84,16
70,85,16
70,91,5
70,93,1
70,95,2
70,96,3
70,97,3
70,98,1
70,103,1
70,104,3
70,106,1
70,108,2
70,109,1
70,113,1
70,114,5
70,115,35
70,117,3
70,118,45
70,121,1
70,123,2
70,124,3
70,129,10
70,133,4
70,134,18
70,136,11
70,138,1
70,142,1
70,143,1
70,144,38
70,153,14
70,154,5
70,155,16
70,159,149
70,160,2
70,161,9
70,162,5
70,163,1
71,72,2192
71,73,8
71,74,2
71,75,17
71,76,7
71,77,44
71,78,12
71,79,5
71,82,2
71,84,2
71,85,3
71,104,1
71,115,4
71,118,1
71,134,1
71,144,3
71,146,2
71,153,2
71,163,2
72,73,213
72,74,8
72,75,77
72,76,24
72,77,163
72,78,34
72,79,23
72,82,7
72,84,2
72,85,4
72,95,1
72,96,2
72,104,4
72,115,17
72,118,14
72,124,1
72,129,3
72,134,4
72,136,2
72,143,2
72,144,7
72,153,3
72,154,1
72,155,2
72,159,20
72,161,1
72,163,7
73,75,10
73,76,4
73,77,42
73,78,16
73,79,1
73,82,1
73,85,1
73,115,3
73,118,3
73,129,1
73,134,1
73,136,1
73,144,3
73,155,1
73,159,8
73,162,1
73,163,1
74,75,431
74,76,287
74,77,136
74,78,150
74,79,291
74,80,12
74,81,1
74,82,117
74,83,185
74,84,91
74,85,201
74,86,148
74,87,6
74,91,20
74,92,2
74,93,1
74,95,5
74,96,4
74,100,1
74,103,27
74,104,73
74,109,9
74,110,22
74,111,140
74,113,3
74,115,20
74,116,5
74,117,70
74,118,3
74,124,1
74,125,1
74,127,1
74,129,2
74,133,76
74,134,7
74,137,1
74,140,2
74,141,2
74,142,8
74,144,2
74,149,1
74,155,22
74,156,8
74,157,32
74,159,3
74,161,2
74,163,12450
75,76,2810
75,77,1013
75,78,919
75,79,1103
75,80,12
75,81,122
75,82,84
75,83,21
75,84,20
75,85,20
75,86,7
75,87,1
75,91,4
75,92,1
75,93,2
75,94,7
75,95,13
75,96,18
75,99,1
75,102,1
75,103,3
75,104,54
75,107,1
75,108,2
75,111,1
75,112,1
75,113,1
75,114,3
75,115,14
75,116,3
75,117,11
75,118,13
75,120,1
75,124,2
75,129,2
75,132,1
75,133,4
75,134,11
75,136,2
75,137,1
75,140,2
75,141,1
75,144,18
75,146,2
75,153,7
75,154,1
75,155,6
75,156,1
75,157,5
75,159,24
75,160,1
75,161,3
75,162,1
75,163,201
76,77,2109
76,78,1013
76,79,164
76,80,26
76,81,307
76,82,17
76,83,17
76,84,8
76,85,12
76,86,11
76,89,12
76,91,5
76,92,1
76,93,21
76,94,38
76,95,6
76,96,16
76,103,2
76,104,55
76,105,1
76,112,1
76,113,1
76,114,1
76,115,1
76,117,5
76,118,2
76,119,2
76,129,1
76,133,6
76,134,4
76,141,4
76,142,2
76,144,1
76,154,4
76,155,3
76,156,2
76,157,2
76,158,9
76,159,4
76,162,1
76,163,187
77,78,2281
77,79,55
77,80,19
77,81,704
77,82,14
77,83,9
77,84,4
77,85,13
77,86,7
77,89,3
77,91,1
77,92,1
77,93,11
77,94,29
77,95,13
77,96,10
77,100,1
77,103,9
77,104,50
77,112,1
77,115,6
77,116,1
77,117,1
77,118,7
77,119,1
77,123,1
77,133,1
77,134,2
77,136,1
77,140,1
77,141,2
77,142,3
77,144,5
77,153,1
77,154,5
77,155,1
77,156,1
77,159,12
77,161,1
77,163,89
78,79,463
78,80,71
78,81,284
78,82,13
78,83,15
78,84,8
78,85,15
78,86,12
78,87,1
78,91,1
78,93,1
78,94,3
78,95,8
78,96,7
78,100,2
78,103,1
78,104,11
78,115,6
78,117,13
78,118,4
78,124,1
78,129,1
78,133,3
78,134,1
78,136,1
78,140,1
78,142,2
78,144,7
78,146,1
78,153,2
78,155,1
78,156,3
78,157,1
78,159,10
78,161,1
78,163,126
79,80,236
79,82,10
79,83,14
79,84,14
79,85,37
79,86,43
79,87,3
79,92,1
79,95,1
79,96,4
79,103,3
79,104,10
79,108,1
79,110,1
79,111,2
79,115,3
79,117,2
79,133,2
79,134,1
79,136,1
79,140,2
79,144,4
79,146,1
79,155,1
79,157,3
79,159,1
79,163,283
80,85,2
80,117,2
80,155,1
80,163,8
81,159,1
81,163,1
82,83,2490
82,84,693
82,85,985
82,86,766
82,87,2
82,88,48
82,89,6
82,90,13
82,91,151
82,92,27
82,93,16
82,94,29
82,95,64
82,96,47
82,97,3
82,98,3
82,99,6
82,100,12
82,102,23
82,103,363
82,104,494
82,105,20
82,106,6
82,107,25
82,108,52
82,109,2
82,111,2
82,112,2
82,113,33
82,114,24
82,115,302
82,116,28
82,117,595
82,118,65
82,120,16
82,121,9
82,122,1
82,123,9
82,124,14
82,125,2
82,126,1
82,127,6
82,129,35
82,130,34
82,131,1
82,132,14
82,133,813
82,134,162
82,135,1
82,136,122
82,137,24
82,138,3
82,139,3
82,140,69
82,141,38
82,142,63
82,143,2
82,144,184
82,145,31
82,146,154
82,147,23
82,148,2
82,149,1
82,150,5
82,151,2
82,152,8
82,153,74
82,154,76
82,155,329
82,156,221
82,157,289
82,159,58
82,160,4
82,161,62
82,162,4
82,163,341
83,84,2054
83,85,1355
83,86,93
83,87,3
83,88,291
83,89,163
83,91,36
83,92,5
83,93,167
83,94,222
83,95,93
83,96,35
83,97,1
83,98,2
83,100,50
83,101,2
83,102,47
83,103,480
83,104,755
83,106,2
83,107,2
83,108,2
83,112,85
83,113,6
83,114,4
83,115,46
83,116,5
83,117,179
83,118,5
83,119,10
83,120,142
83,123,2
83,124,1
83,126,2
83,127,74
83,128,2
83,129,7
83,130,1
83,133,206
83,134,68
83,135,48
83,136,14
83,137,42
83,140,215
83,141,182
83,142,114
83,143,2
83,144,15
83,145,3
83,146,8
83,147,2
83,148,1
83,150,109
83,151,259
83,152,150
83,153,5
83,154,127
83,155,37
83,156,160
83,157,87
83,158,74
83,159,22
83,160,1
83,161,23
83,163,276
84,85,2677
84,86,114
84,87,40
84,88,317
84,89,156
84,90,12
84,91,56
84,92,23
84,93,131
84,94,81
84,95,54
84,96,30
84,97,3
84,98,6
84,99,5
84,100,14
84,101,2
84,102,32
84,103,508
84,104,737
84,105,368
84,106,153
84,107,20
84,108,37
84,109,1
84,111,1
84,112,44
84,113,31
84,114,18
84,115,156
84,116,62
84,117,513
84,118,39
84,119,5
84,120,53
84,121,33
84,122,14
84,123,229
84,124,53
84,125,3
84,126,13
84,127,52
84,128,1
84,129,282
84,130,56
84,131,54
84,132,8
84,133,923
84,134,75
84,135,207
84,136,1016
84,137,686
84,138,2
84,139,19
84,140,188
84,141,81
84,142,124
84,143,2
84,144,109
84,145,42
84,146,75
84,147,11
84,148,3
84,149,8
84,150,68
84,151,85
84,152,351
84,153,27
84,154,18
84,155,246
84,156,303
84,157,254
84,158,39
84,159,27
84,160,18
84,161,148
84,162,14
84,163,115
85,86,487
85,87,36
85,88,42
85,89,4
85,90,3
85,91,85
85,92,13
85,93,4
85,94,3
85,95,25
85,96,27
85,97,1
85,98,1
85,99,4
85,100,9
85,102,6
85,103,147
85,104,249
85,105,3
85,107,10
85,108,14
85,109,2
85,111,2
85,112,2
85,113,16
85,114,10
85,115,125
85,116,25
85,117,416
85,118,32
85,119,1
85,120,179
85,121,5
85,122,2
85,123,2
85,124,3
85,125,1
85,126,2
85,127,3
85,129,21
85,130,13
85,132,1
85,133,564
85,134,47
85,135,1
85,136,57
85,137,10
85,139,2
85,140,20
85,141,9
85,142,37
85,143,1
85,144,90
85,145,10
85,146,37
85,147,6
85,148,3
85,150,3
85,152,1
85,153,32
85,154,10
85,155,129
85,156,106
85,157,169
85,159,18
85,160,2
85,161,33
85,162,2
85,163,190
86,87,71
86,89,1
86,90,1
86,91,24
86,92,6
86,93,2
86,94,1
86,95,1
86,96,3
86,97,2
86,98,28
86,99,1
86,103,19
86,104,40
86,105,11
86,106,13
86,107,1
86,108,2
86,109,2
86,110,25
86,111,15
86,112,1
86,113,4
86,114,1
86,115,23
86,116,8
86,117,155
86,118,4
86,122,13
86,123,29
86,125,7
86,126,13
86,129,2
86,130,48
86,131,80
86,132,211
86,133,198
86,134,12
86,136,498
86,137,2
86,138,222
86,139,13
86,142,4
86,144,7
86,145,19
86,146,3
86,147,4
86,148,7
86,149,495
86,153,8
86,154,624
86,155,24
86,156,15
86,157,44
86,159,3
86,160,33
86,161,66
86,163,110
87,96,1
87,103,1
87,104,4
87,105,37
87,111,132
87,115,1
87,117,5
87,122,8
87,123,352
87,125,1
87,131,275
87,133,2
87,136,4
87,138,28
87,149,46
87,156,1
87,157,2
87,161,5
87,163,6
88,94,47
88,96,1
88,98,1
88,104,1
88,117,1
88,120,172
88,154,89
88,156,1
88,158,4
88,159,1
89,93,502
89,94,22
89,96,1
89,102,2
89,103,329
89,104,304
89,105,1
89,106,1
89,112,64
89,119,50
89,122,1
89,123,6
89,124,1
89,126,1
89,127,3
89,129,1
89,131,1
89,135,21
89,136,10
89,137,3
89,140,21
89,141,348
89,142,5
89,146,1
89,150,11
89,151,12
89,152,162
89,154,79
89,156,1
89,158,86
89,161,3
90,99,6
90,105,1
90,107,839
90,108,24
90,109,582
90,112,1
90,113,4
90,115,2
90,117,1
90,118,1
90,122,1
90,123,3
90,124,1
90,125,212
90,126,1
90,129,1
90,130,407
90,132,6
90,136,34
90,138,8
90,139,238
90,144,24
90,145,785
90,146,120
90,147,535
90,148,323
90,149,42
90,153,18
90,154,2
90,156,1
90,160,11
90,161,138
90,162,2
91,92,1
91,94,1
91,95,6
91,96,137
91,97,2
91,103,3
91,104,974
91,105,3
91,106,1
91,114,2
91,115,108
91,116,46
91,117,762
91,118,138
91,129,3
91,133,1431
91,134,376
91,137,1
91,142,3
91,144,1
91,153,1
91,155,209
91,156,7
91,157,34
91,159,1
91,163,25
92,96,1
92,100,85
92,103,2
92,104,3
92,105,3
92,106,1
92,114,281
92,115,2
92,116,150
92,117,160
92,121,74
92,122,98
92,123,12
92,124,64
92,129,162
92,133,841
92,134,1
92,135,1
92,136,15
92,137,342
92,140,1
92,142,2
92,143,2
92,144,5
92,147,1
92,155,31
92,156,257
92,157,5
92,161,4
92,163,1
93,94,106
93,95,5
93,97,2
93,102,9
93,103,156
93,104,1272
93,106,6
93,112,37
93,115,1
93,117,1
93,119,24
93,120,1
93,123,4
93,127,4
93,129,1
93,134,2
93,135,16
93,136,20
93,137,6
93,140,24
93,141,478
93,142,93
93,144,2
93,146,1
93,150,14
93,151,3
93,152,18
93,154,68
93,158,117
93,159,1
93,161,3
94,95,808
94,96,96
94,97,40
94,98,24
94,101,1
94,102,9
94,103,63
94,104,2623
94,112,12
94,115,1
94,118,2
94,119,80
94,120,314
94,123,2
94,127,2
94,133,1
94,134,25
94,135,3
94,136,3
94,137,5
94,140,42
94,141,41
94,142,8
94,150,22
94,151,41
94,152,1
94,153,2
94,154,833
94,157,1
94,158,694
94,159,43
94,160,1
94,161,1
94,163,2
95,96,709
95,97,29
95,98,25
95,100,53
95,102,12
95,103,91
95,104,2227
95,105,1
95,106,2
95,115,7
95,117,3
95,118,11
95,120,1
95,128,7
95,129,3
95,133,5
95,134,279
95,136,1
95,137,14
95,140,80
95,141,20
95,142,63
95,144,2
95,152,1
95,153,8
95,154,95
95,155,2
95,156,32
95,157,4
95,158,1
95,159,121
95,160,1
95,161,2
95,163,12
96,97,495
96,98,36
96,100,3
96,102,1
96,103,5
96,104,1294
96,115,21
96,117,78
96,118,25
96,120,2
96,129,1
96,133,46
96,134,1079
96,136,1
96,137,4
96,140,8
96,141,2
96,142,7
96,144,1
96,153,14
96,154,71
96,155,6
96,156,17
96,157,9
96,159,262
96,161,1
96,163,4
97,98,152
97,102,1
97,103,1
97,104,21
97,114,1
97,115,5
97,118,37
97,129,1
97,133,4
97,134,87
97,137,1
97,140,2
97,141,2
97,153,31
97,154,91
97,159,1090
98,99,1
98,102,1
98,104,27
98,110,56
98,111,36
98,118,48
98,129,1
98,132,168
98,134,3
98,144,1
98,146,1
98,153,143
98,154,146
98,159,52
98,161,1
98,162,1
98,163,39
99,105,1
99,106,1
99,107,6
99,108,683
99,109,8
99,110,17
99,113,1
99,118,1
99,125,1
99,126,2
99,130,299
99,132,1777
99,136,5
99,144,1
99,145,4
99,146,158
99,147,2
99,148,1
99,149,1
99,153,1696
99,154,12
99,160,2
99,161,4
100,102,199
100,103,104
100,104,82
100,105,1
100,113,12
100,114,2
100,115,6
100,116,1
100,117,38
100,118,5
100,121,90
100,122,41
100,123,135
100,124,3
100,125,2
100,126,4
100,128,252
100,129,7
100,133,17
100,134,19
100,136,15
100,137,107
100,140,722
100,141,12
100,142,19
100,143,5
100,144,7
100,155,10
100,156,1217
100,157,2
100,159,4
100,160,5
100,161,50
100,162,1
100,163,1
101,102,6
101,103,1
101,112,5
101,127,87
101,135,1
101,137,2
101,140,31
101,141,2
101,150,48
101,152,1
101,161,1
102,103,230
102,104,108
102,112,4
102,113,12
102,114,6
102,117,4
102,119,1
102,124,3
102,125,2
102,126,8
102,127,177
102,128,2
102,129,5
102,133,7
102,134,7
102,135,2
102,136,1
102,137,15
102,140,1749
102,141,124
102,142,46
102,143,2
102,144,12
102,145,1
102,150,83
102,152,16
102,155,5
102,156,40
102,157,3
102,159,4
102,160,7
102,161,61
102,162,4
103,104,973
103,105,4
103,106,11
103,107,1
103,112,236
103,113,133
103,114,7
103,115,58
103,116,4
103,117,443
103,118,11
103,123,5
103,124,8
103,125,14
103,126,22
103,127,11
103,128,7
103,129,7
103,131,3
103,133,89
103,134,12
103,135,16
103,136,26
103,137,53
103,138,2
103,140,1552
103,141,3302
103,142,2457
103,143,8
103,144,101
103,145,1
103,146,2
103,147,5
103,148,10
103,150,442
103,152,12
103,154,5
103,155,106
103,156,760
103,157,451
103,158,2
103,159,6
103,160,45
103,161,306
103,163,41
104,106,10
104,107,2
104,108,1
104,112,28
104,113,6
104,114,1
104,115,122
104,116,5
104,117,837
104,118,48
104,119,178
104,120,6
104,121,1
104,123,4
104,124,2
104,126,2
104,127,8
104,128,14
104,133,155
104,134,323
104,135,18
104,136,21
104,137,112
104,140,275
104,141,544
104,142,1588
104,143,2
104,144,19
104,145,1
104,146,6
104,147,1
104,150,13
104,151,87
104,152,26
104,153,12
104,154,232
104,155,52
104,156,211
104,157,237
104,158,372
104,159,112
104,160,7
104,161,26
104,163,75
105,106,102
105,107,1
105,108,3
105,111,18
105,112,2
105,113,1
105,114,53
105,115,17
105,116,2
105,117,11
105,121,56
105,122,14
105,123,535
105,124,4
105,126,3
105,129,218
105,130,2
105,131,218
105,133,59
105,134,1
105,135,1
105,136,201
105,137,158
105,139,1
105,140,5
105,141,1
105,143,1
105,144,7
105,145,5
105,146,4
105,147,1
105,150,1
105,152,3
105,153,1
105,154,1
105,155,12
105,156,5
105,157,4
105,159,1
105,160,5
105,161,15
105,162,2
106,108,2
106,111,1
106,112,2
106,115,2
106,116,4
106,117,8
106,121,2
106,122,10
106,123,243
106,124,2
106,125,1
106,126,4
106,127,4
106,129,62
106,130,2
106,131,46
106,133,23
106,134,1
106,135,151
106,136,84
106,137,487
106,138,4
106,139,1
106,140,5
106,141,5
106,142,5
106,144,6
106,145,2
106,146,2
106,147,1
106,149,1
106,150,3
106,152,18
106,153,1
106,155,4
106,156,3
106,157,5
106,158,2
106,160,5
106,161,23
106,162,1
106,163,1
107,108,74
107,109,25
107,113,56
107,115,7
107,121,2
107,122,1
107,123,3
107,125,15
107,126,2
107,129,1
107,130,275
107,132,11
107,133,1
107,135,1
107,136,23
107,137,2
107,138,4
107,139,4
107,144,133
107,145,3030
107,146,1115
107,147,1366
107,148,26
107,149,8
107,153,49
107,154,2
107,155,1
107,160,11
107,161,941
107,162,4
108,109,14
108,115,189
108,121,1
108,122,1
108,123,4
108,125,1
108,126,5
108,130,390
108,132,347
108,135,3
108,136,28
108,139,11
108,144,48
108,145,75
108,146,2237
108,147,7
108,148,4
108,149,5
108,153,869
108,154,26
108,160,8
108,161,49
108,162,2
108,163,1
109,110,48
109,111,1
109,114,1
109,125,55
109,126,1
109,130,3
109,132,4
109,136,5
109,138,37
109,139,169
109,140,1
109,141,1
109,145,49
109,146,58
109,147,17
109,148,334
109,149,1140
109,153,2
109,160,4
109,161,6
109,163,1281
110,117,1
110,130,243
110,132,2808
110,139,394
110,146,1
110,149,1095
110,153,50
110,163,1148
111,123,193
111,131,161
111,138,2
111,149,16
111,150,1
111,163,1594
112,114,1
112,119,104
112,123,6
112,127,4
112,133,1
112,135,86
112,136,4
112,137,5
112,140,41
112,141,42
112,142,1
112,150,363
112,151,327
112,152,465
112,154,7
112,158,70
112,161,2
113,114,193
113,115,130
113,116,3
113,117,49
113,118,17
113,121,1
113,123,3
113,124,8
113,125,6
113,126,15
113,129,12
113,130,2
113,132,1
113,133,90
113,135,1
113,136,11
113,137,4
113,138,2
113,140,75
113,141,9
113,142,22
113,143,403
113,144,2486
113,145,3
113,146,37
113,147,28
113,148,8
113,153,10
113,154,9
113,155,87
113,156,152
113,157,25
113,159,3
113,160,24
113,161,3415
113,162,4
113,163,2
114,115,36
114,116,40
114,117,5
114,118,5
114,121,76
114,122,11
114,123,1
114,124,431
114,129,474
114,133,329
114,134,5
114,136,17
114,137,16
114,140,5
114,141,1
114,143,263
114,144,264
114,147,1
114,153,1
114,155,1729
114,156,28
114,157,4
114,159,8
114,160,3
114,161,116
114,162,19
114,163,2
115,116,9
115,117,113
115,118,790
115,121,20
115,122,3
115,123,1
115,124,44
115,126,2
115,129,106
115,130,2
115,133,256
115,134,305
115,135,1
115,136,30
115,137,5
115,138,1
115,140,5
115,141,1
115,142,36
115,143,8
115,144,2747
115,145,1
115,146,132
115,147,6
115,148,2
115,153,173
115,154,8
115,155,1761
115,156,28
115,157,57
115,159,47
115,160,2
115,161,48
115,162,7
115,163,18
116,117,138
116,129,6
116,133,2722
116,134,4
116,137,1
116,140,4
116,142,4
116,143,2
116,144,3
116,155,229
116,156,68
116,157,38
116,160,1
116,161,3
116,163,2
117,118,9
117,125,3
117,126,1
117,127,4
117,128,1
117,129,6
117,133,2047
117,134,24
117,135,3
117,136,4
117,137,57
117,140,161
117,141,5
117,142,75
117,143,14
117,144,48
117,148,1
117,150,1
117,152,2
117,154,1
117,155,174
117,156,2838
117,157,2286
117,159,1
117,160,3
117,161,51
117,163,100
118,120,2
118,121,16
118,122,3
118,123,1
118,124,20
118,125,1
118,126,1
118,129,36
118,130,1
118,132,2
118,133,46
118,134,582
118,136,19
118,137,3
118,138,1
118,140,2
118,141,1
118,142,14
118,143,2
118,144,474
118,145,1
118,146,5
118,147,1
118,153,438
118,154,11
118,155,59
118,156,9
118,157,2
118,159,1117
118,161,23
118,162,10
118,163,4
119,120,37
119,151,15
119,152,2
119,154,20
119,158,747
120,133,2
120,141,1
120,151,27
120,154,64
120,158,256
121,122,341
121,123,104
121,124,134
121,129,509
121,133,2
121,136,390
121,137,8
121,140,1
121,141,1
121,144,43
121,146,5
121,147,3
121,148,2
121,150,1
121,153,6
121,154,2
121,155,18
121,159,7
121,160,1
121,161,11
121,162,371
122,123,923
122,124,687
122,125,1
122,126,131
122,129,32
122,130,3
122,131,405
122,132,1
122,136,540
122,140,1
122,144,8
122,145,3
122,146,8
122,150,1
122,152,1
122,153,1
122,155,2
122,160,2
122,161,351
122,162,102
123,124,3
123,125,4
123,126,30
123,127,2
123,129,6
123,130,6
123,131,1098
123,132,2
123,134,1
123,135,22
123,136,984
123,137,8
123,138,3
123,139,3
123,140,6
123,141,2
123,144,7
123,145,7
123,146,16
123,147,2
123,148,3
123,149,4
123,150,1
123,152,18
123,153,2
123,154,1
123,155,3
123,158,1
123,159,2
123,160,2
123,161,54
123,162,4
124,125,1
124,126,9
124,128,1
124,129,1362
124,133,11
124,134,1
124,135,2
124,136,50
124,137,8
124,140,20
124,141,1
124,143,1
124,144,69
124,146,4
124,147,1
124,148,1
124,152,1
124,153,7
124,154,2
124,155,38
124,156,8
124,159,10
124,160,7
124,161,452
124,162,530
125,126,87
125,130,10
125,131,227
125,132,1
125,133,2
125,136,11
125,138,455
125,139,3
125,140,9
125,141,2
125,142,2
125,143,1
125,144,5
125,145,14
125,146,15
125,147,167
125,148,309
125,153,1
125,154,1
125,155,2
125,156,4
125,160,1260
125,161,364
125,163,196
126,129,30
126,130,4
126,131,56
126,132,2
126,133,5
126,135,2
126,136,104
126,137,2
126,138,2
126,139,2
126,140,23
126,141,7
126,142,5
126,143,15
126,144,3
126,145,6
126,146,9
126,147,8
126,148,2
126,149,3
126,150,1
126,152,1
126,155,2
126,156,18
126,157,2
126,160,546
126,161,3555
126,162,9
127,129,1
127,130,2
127,135,56
127,136,8
127,137,299
127,140,597
127,141,4
127,142,1
127,145,1
127,147,1
127,150,109
127,152,74
127,157,1
127,161,1
128,134,1
128,137,101
128,140,397
128,141,1
128,142,1
128,155,1
128,156,11
128,160,1
128,161,6
129,130,1
129,133,112
129,134,19
129,135,5
129,136,325
129,137,406
129,140,27
129,141,1
129,142,4
129,143,3
129,144,86
129,146,4
129,147,4
129,153,9
129,154,2
129,155,237
129,156,21
129,157,4
129,159,14
129,160,33
129,161,819
129,162,252
129,163,3
130,132,520
130,135,1
130,136,98
130,137,3
130,138,2
130,139,798
130,144,2
130,145,934
130,146,186
130,147,5
130,148,6
130,149,27
130,152,1
130,153,6
130,157,1
130,160,21
130,161,42
130,162,1
131,135,3
131,136,114
131,137,1
131,138,56
131,139,1
131,141,1
131,142,1
131,146,2
131,147,1
131,148,2
131,149,468
131,152,4
131,154,1
131,160,47
131,161,133
132,136,15
132,139,110
132,144,7
132,145,8
132,146,365
132,149,720
132,153,1590
132,154,603
132,160,3
132,161,7
133,134,245
133,135,4
133,136,3
133,137,151
133,140,48
133,141,2
133,142,23
133,143,96
133,144,125
133,146,3
133,147,1
133,148,1
133,150,2
133,153,1
133,155,1660
133,156,795
133,157,378
133,159,3
133,160,6
133,161,114
133,162,3
133,163,101
134,136,2
134,137,7
134,140,5
134,141,5
134,142,16
134,144,7
134,146,1
134,151,1
134,153,1
134,154,6
134,155,115
134,156,26
134,157,7
134,159,301
134,160,1
134,161,2
134,163,7
135,136,20
135,137,174
135,138,1
135,139,3
135,140,15
135,141,9
135,142,4
135,145,3
135,146,2
135,147,1
135,150,13
135,152,876
135,154,2
135,155,1
135,156,1
135,158,2
135,159,1
135,160,1
135,161,5
136,137,27
136,138,13
136,139,67
136,140,15
136,141,8
136,142,2
136,143,1
136,144,76
136,145,66
136,146,68
136,147,31
136,148,17
136,149,35
136,150,7
136,152,40
136,153,19
136,154,4
136,155,24
136,156,5
136,157,1
136,158,1
136,159,8
136,160,60
136,161,716
136,162,160
136,163,4
137,138,1
137,140,143
137,141,20
137,142,24
137,143,3
137,144,4
137,145,3
137,146,1
137,150,15
137,152,26
137,153,2
137,154,1
137,155,48
137,156,247
137,157,24
137,158,1
137,159,3
137,160,1
137,161,24
137,162,6
138,139,3
138,142,2
138,144,6
138,145,7
138,146,5
138,147,35
138,148,650
138,149,374
138,153,1
138,154,1
138,160,272
138,161,36
138,163,12
139,145,36
139,146,19
139,147,3
139,148,5
139,149,748
139,160,13
139,161,30
139,163,1
140,141,606
140,142,205
140,143,15
140,144,36
140,150,305
140,152,34
140,154,2
140,155,41
140,156,1119
140,157,9
140,158,1
140,159,3
140,160,28
140,161,288
140,162,4
140,163,6
141,142,772
141,143,1
141,144,4
141,150,44
141,152,8
141,154,1
141,155,1
141,156,8
141,157,4
141,158,2
141,159,3
141,160,3
141,161,42
141,163,3
142,143,1
142,144,24
142,145,1
142,146,2
142,150,3
142,154,1
142,155,30
142,156,54
142,157,268
142,159,7
142,160,3
142,161,44
142,163,5
143,144,370
143,155,161
143,156,52
143,157,1
143,159,1
143,160,2
143,161,191
144,145,11
144,146,448
144,147,75
144,148,14
144,153,620
144,154,57
144,155,727
144,156,105
144,157,50
144,159,21
144,160,11
144,161,780
144,162,17
144,163,3
145,146,657
145,147,88
145,148,11
145,149,29
145,152,1
145,153,8
145,154,3
145,155,1
145,160,28
145,161,143
145,162,2
146,147,151
146,148,11
146,149,22
146,152,2
146,153,547
146,154,49
146,156,1
146,159,2
146,160,32
146,161,293
146,162,3
147,148,619
147,149,2
147,150,1
147,153,18
147,154,1
147,155,1
147,157,1
147,159,1
147,160,111
147,161,1338
147,162,2
148,149,118
148,153,3
148,156,2
148,160,94
148,161,108
148,162,1
149,152,2
149,153,11
149,157,1
149,160,3
149,161,16
149,163,45
150,151,3
150,152,183
150,154,1
150,157,1
150,158,1
150,161,2
150,163,1
151,152,458
151,154,1
151,158,247
152,156,1
152,157,1
152,158,37
152,161,2
153,154,774
153,155,1
153,159,339
153,160,4
153,161,48
153,162,5
154,155,1
154,156,1
154,158,138
154,159,158
154,161,11
154,162,1
154,163,1
155,156,156
155,157,105
155,159,6
155,160,1
155,161,49
155,162,7
155,163,21
156,157,103
156,159,7
156,160,22
156,161,288
156,162,1
156,163,17
157,159,1
157,160,1
157,161,20
157,163,42
158,163,1
159,161,15
159,162,4
160,161,943
160,162,2
161,162,165
161,163,1
